{"cameraMode":{"drawMode":0,"name":"Shaded","section":"Shading Mode"},"sceneLighting":true,"audioPlay":false,"sceneViewState":{"showFog":true,"showMaterialUpdate":false,"showSkybox":true,"showFlares":true,"showImageEffects":true,"showParticleSystems":true},"in2DMode":false,"pivot":{"x":-10.032478332519532,"y":-71.42399597167969,"z":28.202598571777345},"rotation":{"x":-0.20491044223308564,"y":0.31000369787216189,"z":-0.06861032545566559,"w":-0.9258526563644409},"size":204.44650268554688,"orthographic":false}